id,batchID,batchIDLastChangedAt,duration,durationLastChangedAt,ended,endedLastChangedAt,gameID,gameIDLastChangedAt,index,indexLastChangedAt,initialized,initializedLastChangedAt,name,nameLastChangedAt,roundID,roundIDLastChangedAt,start,startLastChangedAt,started,startedLastChangedAt,timerID,timerIDLastChangedAt
01JVR98DYY2736XH7NXJA9GY13,01JVR91T163G5R5N813R5WVHQJ,2025-05-21T02:02:47.646646828Z,30,2025-05-21T02:02:47.646646828Z,true,2025-05-21T02:08:13.145653327Z,01JVR91T1XEP3CKQP9TA76QDK4,2025-05-21T02:02:47.646646828Z,0,2025-05-21T02:02:47.646646828Z,true,2025-05-21T02:08:06.776060287Z,choice,2025-05-21T02:02:47.646646828Z,01JVR98DF455CB2T6WJS47N7RT,2025-05-21T02:02:47.646646828Z,true,2025-05-21T02:08:06.719725386Z,true,2025-05-21T02:08:06.806804312Z,01JVR98DYR7SB88QWH6R20P8F8,2025-05-21T02:02:47.646646828Z
01JVR98DZTNHV0168YZQDKWNX5,01JVR91T163G5R5N813R5WVHQJ,2025-05-21T02:02:47.67443624Z,30,2025-05-21T02:02:47.67443624Z,true,2025-05-21T02:08:19.774817242Z,01JVR91T1XEP3CKQP9TA76QDK4,2025-05-21T02:02:47.67443624Z,0,2025-05-21T02:02:47.67443624Z,true,2025-05-21T02:08:13.316938493Z,choice,2025-05-21T02:02:47.67443624Z,01JVR98DFTBRKP0FZQATWM5SAQ,2025-05-21T02:02:47.67443624Z,true,2025-05-21T02:08:13.25926082Z,true,2025-05-21T02:08:13.339164171Z,01JVR98DZQBN93EN46JEB34DG8,2025-05-21T02:02:47.67443624Z
01JVR98EDQPEHRW5RXNCTSHFVM,01JVR91T163G5R5N813R5WVHQJ,2025-05-21T02:02:48.119365725Z,30,2025-05-21T02:02:48.119365725Z,true,2025-05-21T02:12:55.925451696Z,01JVR91T1XEP3CKQP9TA76QDK4,2025-05-21T02:02:48.119365725Z,0,2025-05-21T02:02:48.119365725Z,true,2025-05-21T02:12:46.207439919Z,choice,2025-05-21T02:02:48.119365725Z,01JVR98DGX7J3QBDWA8EQ0564P,2025-05-21T02:02:48.119365725Z,true,2025-05-21T02:12:46.135171914Z,true,2025-05-21T02:12:46.237425347Z,01JVR98EDMATYGRM021H1RC5Z9,2025-05-21T02:02:48.119365725Z
01JVR98DTXRVKF465SH25Q7YPR,01JVR91T163G5R5N813R5WVHQJ,2025-05-21T02:02:47.517241241Z,30,2025-05-21T02:02:47.517241241Z,true,2025-05-21T02:07:06.69962869Z,01JVR91T1XEP3CKQP9TA76QDK4,2025-05-21T02:02:47.517241241Z,0,2025-05-21T02:02:47.517241241Z,true,2025-05-21T02:07:01.489475819Z,choice,2025-05-21T02:02:47.517241241Z,01JVR98DF356ACYK8ZAFJ934KC,2025-05-21T02:02:47.517241241Z,true,2025-05-21T02:07:01.406807884Z,true,2025-05-21T02:07:01.51698977Z,01JVR98DTN26DCJP60TF888QFQ,2025-05-21T02:02:47.517241241Z
01JVR98DWXBR7KMJGNF8JCS51S,01JVR91T163G5R5N813R5WVHQJ,2025-05-21T02:02:47.581328078Z,30,2025-05-21T02:02:47.581328078Z,true,2025-05-21T02:07:40.334911913Z,01JVR91T1XEP3CKQP9TA76QDK4,2025-05-21T02:02:47.581328078Z,0,2025-05-21T02:02:47.581328078Z,true,2025-05-21T02:07:35.142098213Z,choice,2025-05-21T02:02:47.581328078Z,01JVR98DFNS1EG0Z6273JH3S4F,2025-05-21T02:02:47.581328078Z,true,2025-05-21T02:07:35.093252822Z,true,2025-05-21T02:07:35.167690297Z,01JVR98DWTFYQXSN80JFB7Z5X4,2025-05-21T02:02:47.581328078Z
01JVR98DXW3J5KBX28EDTN1QXP,01JVR91T163G5R5N813R5WVHQJ,2025-05-21T02:02:47.612303651Z,30,2025-05-21T02:02:47.612303651Z,true,2025-05-21T02:08:00.340782777Z,01JVR91T1XEP3CKQP9TA76QDK4,2025-05-21T02:02:47.612303651Z,0,2025-05-21T02:02:47.612303651Z,true,2025-05-21T02:07:54.021819682Z,choice,2025-05-21T02:02:47.612303651Z,01JVR98DF356ACYK8ZB60P3SV4,2025-05-21T02:02:47.612303651Z,true,2025-05-21T02:07:53.962690066Z,true,2025-05-21T02:07:54.040793175Z,01JVR98DXSVATSBKZD5Z95FVN7,2025-05-21T02:02:47.612303651Z
01JVR98DY6JW4P6XPA15DEBWCE,01JVR91T163G5R5N813R5WVHQJ,2025-05-21T02:02:47.62248939Z,30,2025-05-21T02:02:47.62248939Z,true,2025-05-21T02:08:06.614558832Z,01JVR91T1XEP3CKQP9TA76QDK4,2025-05-21T02:02:47.62248939Z,0,2025-05-21T02:02:47.62248939Z,true,2025-05-21T02:08:00.553448667Z,choice,2025-05-21T02:02:47.62248939Z,01JVR98DF5B2MB84F6K3WE0FAT,2025-05-21T02:02:47.62248939Z,true,2025-05-21T02:08:00.480381049Z,true,2025-05-21T02:08:00.572690515Z,01JVR98DY3Q8ZJF14M9KM3A7PG,2025-05-21T02:02:47.62248939Z
01JVR98E3KTN5M3Y2ZATV9HTA8,01JVR91T163G5R5N813R5WVHQJ,2025-05-21T02:02:47.795824928Z,30,2025-05-21T02:02:47.795824928Z,true,2025-05-21T02:09:23.140274515Z,01JVR91T1XEP3CKQP9TA76QDK4,2025-05-21T02:02:47.795824928Z,0,2025-05-21T02:02:47.795824928Z,true,2025-05-21T02:09:15.809229796Z,choice,2025-05-21T02:02:47.795824928Z,01JVR98DGA50YK3YM3D75XXJY8,2025-05-21T02:02:47.795824928Z,true,2025-05-21T02:09:15.724687345Z,true,2025-05-21T02:09:15.84267672Z,01JVR98E3GH1YGKEXF0967FAXX,2025-05-21T02:02:47.795824928Z
01JVR98E8KW29M5876EYJEXA02,01JVR91T163G5R5N813R5WVHQJ,2025-05-21T02:02:47.955996245Z,30,2025-05-21T02:02:47.955996245Z,true,2025-05-21T02:11:47.060871947Z,01JVR91T1XEP3CKQP9TA76QDK4,2025-05-21T02:02:47.955996245Z,0,2025-05-21T02:02:47.955996245Z,true,2025-05-21T02:11:30.265491406Z,choice,2025-05-21T02:02:47.955996245Z,01JVR98DGK1GP3KSNHQ2Q05792,2025-05-21T02:02:47.955996245Z,true,2025-05-21T02:11:30.180918772Z,true,2025-05-21T02:11:30.286765032Z,01JVR98E8G9PD4MF0D7EKFHDJF,2025-05-21T02:02:47.955996245Z
01JVR98DKQB94RNF2FKPWKMFFH,01JVR91T163G5R5N813R5WVHQJ,2025-05-21T02:02:47.287059054Z,60,2025-05-21T02:02:47.287059054Z,true,2025-05-21T02:04:20.528324564Z,01JVR91T1XEP3CKQP9TA76QDK4,2025-05-21T02:02:47.287059054Z,0,2025-05-21T02:02:47.287059054Z,true,2025-05-21T02:03:51.041379586Z,choice,2025-05-21T02:02:47.287059054Z,01JVR98DEYNY11Y2R0W6MK2SGG,2025-05-21T02:02:47.287059054Z,true,2025-05-21T02:03:50.991511553Z,true,2025-05-21T02:03:51.055780965Z,01JVR98DKKFV8KQJKWGNJ9GH7H,2025-05-21T02:02:47.287059054Z
01JVR98DXKR91VEJNDH51Z7P02,01JVR91T163G5R5N813R5WVHQJ,2025-05-21T02:02:47.603084876Z,30,2025-05-21T02:02:47.603084876Z,true,2025-05-21T02:07:53.841322499Z,01JVR91T1XEP3CKQP9TA76QDK4,2025-05-21T02:02:47.603084876Z,0,2025-05-21T02:02:47.603084876Z,true,2025-05-21T02:07:45.214566123Z,choice,2025-05-21T02:02:47.603084876Z,01JVR98DFRHKTFKPHRW00NRWQ0,2025-05-21T02:02:47.603084876Z,true,2025-05-21T02:07:45.152248Z,true,2025-05-21T02:07:45.233156237Z,01JVR98DXGEY4TKAQFM1HJ3N3W,2025-05-21T02:02:47.603084876Z
01JVR98DNAAXHYDJ69S31YD4VF,01JVR91T163G5R5N813R5WVHQJ,2025-05-21T02:02:47.338844728Z,30,2025-05-21T02:02:47.338844728Z,true,2025-05-21T02:05:26.959521718Z,01JVR91T1XEP3CKQP9TA76QDK4,2025-05-21T02:02:47.338844728Z,0,2025-05-21T02:02:47.338844728Z,true,2025-05-21T02:05:13.474953785Z,choice,2025-05-21T02:02:47.338844728Z,01JVR98DF05VBQA6VV4C1S94PS,2025-05-21T02:02:47.338844728Z,true,2025-05-21T02:05:13.425837931Z,true,2025-05-21T02:05:13.495555071Z,01JVR98DN5B16B6EAQ7V7FTG6P,2025-05-21T02:02:47.338844728Z
01JVR98E2J7SZGCBDRYPQ2H57S,01JVR91T163G5R5N813R5WVHQJ,2025-05-21T02:02:47.76253198Z,30,2025-05-21T02:02:47.76253198Z,true,2025-05-21T02:09:05.341870792Z,01JVR91T1XEP3CKQP9TA76QDK4,2025-05-21T02:02:47.76253198Z,0,2025-05-21T02:02:47.76253198Z,true,2025-05-21T02:08:51.394687137Z,choice,2025-05-21T02:02:47.76253198Z,01JVR98DF7Q4FZKSHRS8X4KXYP,2025-05-21T02:02:47.76253198Z,true,2025-05-21T02:08:51.342456362Z,true,2025-05-21T02:08:51.41721975Z,01JVR98E2F1DZF32CV2FG6PHFS,2025-05-21T02:02:47.76253198Z
01JVR98E5V8NB2CKHJKD52D9HZ,01JVR91T163G5R5N813R5WVHQJ,2025-05-21T02:02:47.86769408Z,30,2025-05-21T02:02:47.86769408Z,true,2025-05-21T02:10:17.356621467Z,01JVR91T1XEP3CKQP9TA76QDK4,2025-05-21T02:02:47.86769408Z,0,2025-05-21T02:02:47.86769408Z,true,2025-05-21T02:09:55.298099263Z,choice,2025-05-21T02:02:47.86769408Z,01JVR98DGBNKDQCY00M0DG6MBZ,2025-05-21T02:02:47.86769408Z,true,2025-05-21T02:09:55.216659293Z,true,2025-05-21T02:09:55.323538168Z,01JVR98E5RWNBAD8VNVTTQ844R,2025-05-21T02:02:47.86769408Z
01JVR98EDDZY6SET5S792F6SX5,01JVR91T163G5R5N813R5WVHQJ,2025-05-21T02:02:48.109792208Z,30,2025-05-21T02:02:48.109792208Z,true,2025-05-21T02:12:45.945431671Z,01JVR91T1XEP3CKQP9TA76QDK4,2025-05-21T02:02:48.109792208Z,0,2025-05-21T02:02:48.109792208Z,true,2025-05-21T02:12:40.88343877Z,choice,2025-05-21T02:02:48.109792208Z,01JVR98DGYVX0721H7R4FFZ5FX,2025-05-21T02:02:48.109792208Z,true,2025-05-21T02:12:40.793566636Z,true,2025-05-21T02:12:40.908956711Z,01JVR98EDAGKMWGM4B118DSXVW,2025-05-21T02:02:48.109792208Z
01JVR98DV8YXW2SAV29WBPCRHN,01JVR91T163G5R5N813R5WVHQJ,2025-05-21T02:02:47.528998339Z,30,2025-05-21T02:02:47.528998339Z,true,2025-05-21T02:07:17.941214587Z,01JVR91T1XEP3CKQP9TA76QDK4,2025-05-21T02:02:47.528998339Z,0,2025-05-21T02:02:47.528998339Z,true,2025-05-21T02:07:06.850719697Z,choice,2025-05-21T02:02:47.528998339Z,01JVR98DFRHKTFKPHRWXSEFQNQ,2025-05-21T02:02:47.528998339Z,true,2025-05-21T02:07:06.797498392Z,true,2025-05-21T02:07:06.881285416Z,01JVR98DV5XMB4Z7T387ZTYJ0S,2025-05-21T02:02:47.528998339Z
01JVR98E2XXYV00DT5MG3QDP7J,01JVR91T163G5R5N813R5WVHQJ,2025-05-21T02:02:47.773200932Z,30,2025-05-21T02:02:47.773200932Z,true,2025-05-21T02:09:10.277950337Z,01JVR91T1XEP3CKQP9TA76QDK4,2025-05-21T02:02:47.773200932Z,0,2025-05-21T02:02:47.773200932Z,true,2025-05-21T02:09:05.563841961Z,choice,2025-05-21T02:02:47.773200932Z,01JVR98DFV8CMKP9BR4ZF0MC1T,2025-05-21T02:02:47.773200932Z,true,2025-05-21T02:09:05.483817795Z,true,2025-05-21T02:09:05.578868423Z,01JVR98E2T278Y0WBJ81H9XWBC,2025-05-21T02:02:47.773200932Z
01JVR98EC98S2730N392HQWZT4,01JVR91T163G5R5N813R5WVHQJ,2025-05-21T02:02:48.073550508Z,30,2025-05-21T02:02:48.073550508Z,true,2025-05-21T02:12:23.283200154Z,01JVR91T1XEP3CKQP9TA76QDK4,2025-05-21T02:02:48.073550508Z,0,2025-05-21T02:02:48.073550508Z,true,2025-05-21T02:12:15.247440949Z,choice,2025-05-21T02:02:48.073550508Z,01JVR98DGV4AZ4DGT4JR0ZQSNX,2025-05-21T02:02:48.073550508Z,true,2025-05-21T02:12:15.162428452Z,true,2025-05-21T02:12:15.266967653Z,01JVR98EC5K3403SPWGK92ZP24,2025-05-21T02:02:48.073550508Z
01JVR98EEFVSTER8HRZVGG5XWR,01JVR91T163G5R5N813R5WVHQJ,2025-05-21T02:02:48.143491344Z,200,2025-05-21T02:02:48.143491344Z,true,2025-05-21T02:16:16.186226259Z,01JVR91T1XEP3CKQP9TA76QDK4,2025-05-21T02:02:48.143491344Z,0,2025-05-21T02:02:48.143491344Z,true,2025-05-21T02:12:56.159310741Z,Group-Allocation,2025-05-21T02:02:48.143491344Z,01JVR98DGZ4J4A3QYP5698QCKA,2025-05-21T02:02:48.143491344Z,true,2025-05-21T02:12:56.096178922Z,true,2025-05-21T02:12:56.183312111Z,01JVR98EE8JAPM25F9R1VQTSHJ,2025-05-21T02:02:48.143491344Z
01JVR98DPMZYGE2X0G7H5K247F,01JVR91T163G5R5N813R5WVHQJ,2025-05-21T02:02:47.380690906Z,30,2025-05-21T02:02:47.380690906Z,true,2025-05-21T02:05:50.801212173Z,01JVR91T1XEP3CKQP9TA76QDK4,2025-05-21T02:02:47.380690906Z,0,2025-05-21T02:02:47.380690906Z,true,2025-05-21T02:05:40.129258758Z,choice,2025-05-21T02:02:47.380690906Z,01JVR98DF1T66XEZPG7V0067R1,2025-05-21T02:02:47.380690906Z,true,2025-05-21T02:05:40.088554431Z,true,2025-05-21T02:05:40.14500254Z,01JVR98DPFQBMC9G3A4QY7K450,2025-05-21T02:02:47.380690906Z
01JVR98E20QG39533DJT3QRN3G,01JVR91T163G5R5N813R5WVHQJ,2025-05-21T02:02:47.744314332Z,30,2025-05-21T02:02:47.744314332Z,true,2025-05-21T02:08:51.21840074Z,01JVR91T1XEP3CKQP9TA76QDK4,2025-05-21T02:02:47.744314332Z,0,2025-05-21T02:02:47.744314332Z,true,2025-05-21T02:08:44.807032349Z,choice,2025-05-21T02:02:47.744314332Z,01JVR98DF5B2MB84F6J9EDJDK3,2025-05-21T02:02:47.744314332Z,true,2025-05-21T02:08:44.730227983Z,true,2025-05-21T02:08:44.82506022Z,01JVR98E1S4DWWPMN9GKQ96CQ0,2025-05-21T02:02:47.744314332Z
01JVR98E860TM7Y8DAJ6HJ81ZM,01JVR91T163G5R5N813R5WVHQJ,2025-05-21T02:02:47.942286264Z,30,2025-05-21T02:02:47.942286264Z,true,2025-05-21T02:11:30.05485861Z,01JVR91T1XEP3CKQP9TA76QDK4,2025-05-21T02:02:47.942286264Z,0,2025-05-21T02:02:47.942286264Z,true,2025-05-21T02:11:19.381733583Z,choice,2025-05-21T02:02:47.942286264Z,01JVR98DGJR40SHTNMKK4M6P67,2025-05-21T02:02:47.942286264Z,true,2025-05-21T02:11:19.318053117Z,true,2025-05-21T02:11:19.408029264Z,01JVR98E828B07DMZ76SS53VBD,2025-05-21T02:02:47.942286264Z
01JVR98EBNAJR70TART214DYZ4,01JVR91T163G5R5N813R5WVHQJ,2025-05-21T02:02:48.053907575Z,30,2025-05-21T02:02:48.053907575Z,true,2025-05-21T02:12:15.015048269Z,01JVR91T1XEP3CKQP9TA76QDK4,2025-05-21T02:02:48.053907575Z,0,2025-05-21T02:02:48.053907575Z,true,2025-05-21T02:12:08.504566546Z,choice,2025-05-21T02:02:48.053907575Z,01JVR98DGQMAA1AST3MK27FCVM,2025-05-21T02:02:48.053907575Z,true,2025-05-21T02:12:08.439121971Z,true,2025-05-21T02:12:08.515800831Z,01JVR98EBA774GQETBJ3GTWZC0,2025-05-21T02:02:48.053907575Z
01JVR98DNYTW1MHREKQW9BF4K5,01JVR91T163G5R5N813R5WVHQJ,2025-05-21T02:02:47.358797353Z,30,2025-05-21T02:02:47.358797353Z,true,2025-05-21T02:05:39.986753212Z,01JVR91T1XEP3CKQP9TA76QDK4,2025-05-21T02:02:47.358797353Z,0,2025-05-21T02:02:47.358797353Z,true,2025-05-21T02:05:27.102914874Z,choice,2025-05-21T02:02:47.358797353Z,01JVR98DEZQ5VEC55QVN155BW6,2025-05-21T02:02:47.358797353Z,true,2025-05-21T02:05:27.067160992Z,true,2025-05-21T02:05:27.119689745Z,01JVR98DNT8CS13ZP5MMMHKY12,2025-05-21T02:02:47.358797353Z
01JVR98E040GA8BGZ2VJGTWJYA,01JVR91T163G5R5N813R5WVHQJ,2025-05-21T02:02:47.684758879Z,30,2025-05-21T02:02:47.684758879Z,true,2025-05-21T02:08:26.37163031Z,01JVR91T1XEP3CKQP9TA76QDK4,2025-05-21T02:02:47.684758879Z,0,2025-05-21T02:02:47.684758879Z,true,2025-05-21T02:08:19.9267231Z,choice,2025-05-21T02:02:47.684758879Z,01JVR98DFTBRKP0FZQA07CP3WP,2025-05-21T02:02:47.684758879Z,true,2025-05-21T02:08:19.8818247Z,true,2025-05-21T02:08:19.947711915Z,01JVR98E01H4PV08MNG2HCXFHG,2025-05-21T02:02:47.684758879Z
01JVR98DRHP9APZDZY7XK9WAHQ,01JVR91T163G5R5N813R5WVHQJ,2025-05-21T02:02:47.441773863Z,30,2025-05-21T02:02:47.441773863Z,true,2025-05-21T02:06:38.78514448Z,01JVR91T1XEP3CKQP9TA76QDK4,2025-05-21T02:02:47.441773863Z,0,2025-05-21T02:02:47.441773863Z,true,2025-05-21T02:06:32.714768183Z,choice,2025-05-21T02:02:47.441773863Z,01JVR98DF876H8TK173Y3VA2NN,2025-05-21T02:02:47.441773863Z,true,2025-05-21T02:06:32.664818464Z,true,2025-05-21T02:06:32.724780245Z,01JVR98DRDX37Y4CCEGA50GDNR,2025-05-21T02:02:47.441773863Z
01JVR98EAHVP80QRE2AY5FD28J,01JVR91T163G5R5N813R5WVHQJ,2025-05-21T02:02:48.017444169Z,30,2025-05-21T02:02:48.017444169Z,true,2025-05-21T02:12:08.318485743Z,01JVR91T1XEP3CKQP9TA76QDK4,2025-05-21T02:02:48.017444169Z,0,2025-05-21T02:02:48.017444169Z,true,2025-05-21T02:12:02.715992636Z,choice,2025-05-21T02:02:48.017444169Z,01JVR98DGNETJ1F4R2CTEW829X,2025-05-21T02:02:48.017444169Z,true,2025-05-21T02:12:02.647513422Z,true,2025-05-21T02:12:02.735236486Z,01JVR98EA974WJSKJH4BTHT0HA,2025-05-21T02:02:48.017444169Z
01JVR98DRY47RE4YJ271FAXA9Y,01JVR91T163G5R5N813R5WVHQJ,2025-05-21T02:02:47.45430558Z,30,2025-05-21T02:02:47.45430558Z,true,2025-05-21T02:06:45.437680244Z,01JVR91T1XEP3CKQP9TA76QDK4,2025-05-21T02:02:47.45430558Z,0,2025-05-21T02:02:47.45430558Z,true,2025-05-21T02:06:38.95107738Z,choice,2025-05-21T02:02:47.45430558Z,01JVR98DF1T66XEZPG77CEFBW6,2025-05-21T02:02:47.45430558Z,true,2025-05-21T02:06:38.902132501Z,true,2025-05-21T02:06:38.969566896Z,01JVR98DRVXFFJN231JQ5BJ2KF,2025-05-21T02:02:47.45430558Z
01JVR98E430CSGF8QPPCYC7G8H,01JVR91T163G5R5N813R5WVHQJ,2025-05-21T02:02:47.811373184Z,30,2025-05-21T02:02:47.811373184Z,true,2025-05-21T02:09:29.27138461Z,01JVR91T1XEP3CKQP9TA76QDK4,2025-05-21T02:02:47.811373184Z,0,2025-05-21T02:02:47.811373184Z,true,2025-05-21T02:09:23.345415985Z,choice,2025-05-21T02:02:47.811373184Z,01JVR98DF608VVBVFRPTJZDFZ6,2025-05-21T02:02:47.811373184Z,true,2025-05-21T02:09:23.288366587Z,true,2025-05-21T02:09:23.365408979Z,01JVR98E3Y6AXDXMHB6T1SDHAZ,2025-05-21T02:02:47.811373184Z
01JVR98DT982CHMNK4786MH6X9,01JVR91T163G5R5N813R5WVHQJ,2025-05-21T02:02:47.497914434Z,30,2025-05-21T02:02:47.497914434Z,true,2025-05-21T02:07:01.273202989Z,01JVR91T1XEP3CKQP9TA76QDK4,2025-05-21T02:02:47.497914434Z,0,2025-05-21T02:02:47.497914434Z,true,2025-05-21T02:06:51.3614323Z,choice,2025-05-21T02:02:47.497914434Z,01JVR98DFFBCEAHS37MT1NNGXS,2025-05-21T02:02:47.497914434Z,true,2025-05-21T02:06:51.291410731Z,true,2025-05-21T02:06:51.375505522Z,01JVR98DT5RDNW44B9C5XZEFR9,2025-05-21T02:02:47.497914434Z
01JVR98DVKAHFN8ZC9QQAMENQG,01JVR91T163G5R5N813R5WVHQJ,2025-05-21T02:02:47.539891017Z,30,2025-05-21T02:02:47.539891017Z,true,2025-05-21T02:07:21.945709807Z,01JVR91T1XEP3CKQP9TA76QDK4,2025-05-21T02:02:47.539891017Z,0,2025-05-21T02:02:47.539891017Z,true,2025-05-21T02:07:18.111455908Z,choice,2025-05-21T02:02:47.539891017Z,01JVR98DF2JQEC26SYYP14FD6C,2025-05-21T02:02:47.539891017Z,true,2025-05-21T02:07:18.061031943Z,true,2025-05-21T02:07:18.131381806Z,01JVR98DVGJMGF9Y8K074JRM69,2025-05-21T02:02:47.539891017Z
01JVR98DK6SZ17S5REJ6YBAZXY,01JVR91T163G5R5N813R5WVHQJ,2025-05-21T02:02:47.270389732Z,60,2025-05-21T02:02:47.270389732Z,true,2025-05-21T02:03:50.899406382Z,01JVR91T1XEP3CKQP9TA76QDK4,2025-05-21T02:02:47.270389732Z,0,2025-05-21T02:02:47.270389732Z,true,2025-05-21T02:02:50.867637135Z,introduction,2025-05-21T02:02:47.270389732Z,01JVR98DE876W66XTRDF7E9YT5,2025-05-21T02:02:47.270389732Z,true,2025-05-21T02:02:50.638190065Z,true,2025-05-21T02:02:50.893155305Z,01JVR98DJ6YB376P0Z9VY8VA7J,2025-05-21T02:02:47.270389732Z
01JVR98DQ05EPZYF130YWJSBS4,01JVR91T163G5R5N813R5WVHQJ,2025-05-21T02:02:47.392900147Z,30,2025-05-21T02:02:47.392900147Z,true,2025-05-21T02:06:05.137675819Z,01JVR91T1XEP3CKQP9TA76QDK4,2025-05-21T02:02:47.392900147Z,0,2025-05-21T02:02:47.392900147Z,true,2025-05-21T02:05:50.945841653Z,choice,2025-05-21T02:02:47.392900147Z,01JVR98DFGSMS5MSFQPP8MJ5FV,2025-05-21T02:02:47.392900147Z,true,2025-05-21T02:05:50.897842235Z,true,2025-05-21T02:05:50.96268573Z,01JVR98DPXHB8ARK4KKACYP491,2025-05-21T02:02:47.392900147Z
01JVR98DWHQ98N67X9D1D988W6,01JVR91T163G5R5N813R5WVHQJ,2025-05-21T02:02:47.569579146Z,30,2025-05-21T02:02:47.569579146Z,true,2025-05-21T02:07:34.942897013Z,01JVR91T1XEP3CKQP9TA76QDK4,2025-05-21T02:02:47.569579146Z,0,2025-05-21T02:02:47.569579146Z,true,2025-05-21T02:07:22.126750505Z,choice,2025-05-21T02:02:47.569579146Z,01JVR98DF2JQEC26SYZ6RY5H1Y,2025-05-21T02:02:47.569579146Z,true,2025-05-21T02:07:22.071743114Z,true,2025-05-21T02:07:22.150407571Z,01JVR98DW1JZ1JTZGW1FPCC0E5,2025-05-21T02:02:47.569579146Z
01JVR98DQN24DG9HMK4SSTXGB6,01JVR91T163G5R5N813R5WVHQJ,2025-05-21T02:02:47.413705813Z,30,2025-05-21T02:02:47.413705813Z,true,2025-05-21T02:06:23.380215825Z,01JVR91T1XEP3CKQP9TA76QDK4,2025-05-21T02:02:47.413705813Z,0,2025-05-21T02:02:47.413705813Z,true,2025-05-21T02:06:05.294938354Z,choice,2025-05-21T02:02:47.413705813Z,01JVR98DFS98XCG8685727DVFP,2025-05-21T02:02:47.413705813Z,true,2025-05-21T02:06:05.235676808Z,true,2025-05-21T02:06:05.310297555Z,01JVR98DQJSVBXV5W5WNBMNJGT,2025-05-21T02:02:47.413705813Z
01JVR98E36TSM4HS9RYR3BTNYA,01JVR91T163G5R5N813R5WVHQJ,2025-05-21T02:02:47.782884551Z,30,2025-05-21T02:02:47.782884551Z,true,2025-05-21T02:09:15.589764042Z,01JVR91T1XEP3CKQP9TA76QDK4,2025-05-21T02:02:47.782884551Z,0,2025-05-21T02:02:47.782884551Z,true,2025-05-21T02:09:10.51838084Z,choice,2025-05-21T02:02:47.782884551Z,01JVR98DG9XMB0C2EDXHQC1E2C,2025-05-21T02:02:47.782884551Z,true,2025-05-21T02:09:10.427050289Z,true,2025-05-21T02:09:10.548265885Z,01JVR98E34GWRD1ZR2YBCBEFPJ,2025-05-21T02:02:47.782884551Z
01JVR98DX93V7YK2WJ1YKM6SW7,01JVR91T163G5R5N813R5WVHQJ,2025-05-21T02:02:47.593395928Z,30,2025-05-21T02:02:47.593395928Z,true,2025-05-21T02:07:45.054633181Z,01JVR91T1XEP3CKQP9TA76QDK4,2025-05-21T02:02:47.593395928Z,0,2025-05-21T02:02:47.593395928Z,true,2025-05-21T02:07:40.485268032Z,choice,2025-05-21T02:02:47.593395928Z,01JVR98DF2JQEC26SYZZ25ME0S,2025-05-21T02:02:47.593395928Z,true,2025-05-21T02:07:40.438439643Z,true,2025-05-21T02:07:40.506452009Z,01JVR98DX6CS3WCNSEDZ7T5SR4,2025-05-21T02:02:47.593395928Z
01JVR98ED0AYNRJT1SA5DW9Z4S,01JVR91T163G5R5N813R5WVHQJ,2025-05-21T02:02:48.096052302Z,30,2025-05-21T02:02:48.096052302Z,true,2025-05-21T02:12:40.65464297Z,01JVR91T1XEP3CKQP9TA76QDK4,2025-05-21T02:02:48.096052302Z,0,2025-05-21T02:02:48.096052302Z,true,2025-05-21T02:12:33.629618463Z,choice,2025-05-21T02:02:48.096052302Z,01JVR98DGZ4J4A3QYP4KZY47BN,2025-05-21T02:02:48.096052302Z,true,2025-05-21T02:12:33.555155606Z,true,2025-05-21T02:12:33.650513476Z,01JVR98ECW1F58EGTB6BK2N3FC,2025-05-21T02:02:48.096052302Z
01JVR98DMMHZG4VX83M3T4QEYY,01JVR91T163G5R5N813R5WVHQJ,2025-05-21T02:02:47.316433424Z,30,2025-05-21T02:02:47.316433424Z,true,2025-05-21T02:05:13.3196273Z,01JVR91T1XEP3CKQP9TA76QDK4,2025-05-21T02:02:47.316433424Z,0,2025-05-21T02:02:47.316433424Z,true,2025-05-21T02:04:43.302819546Z,choice,2025-05-21T02:02:47.316433424Z,01JVR98DEZQ5VEC55QV5A1ZJV5,2025-05-21T02:02:47.316433424Z,true,2025-05-21T02:04:43.261301236Z,true,2025-05-21T02:04:43.318388049Z,01JVR98DMEA4N1NR7JK63HE1J0,2025-05-21T02:02:47.316433424Z
01JVR98DSN2ZM23X5Z92MPFQN4,01JVR91T163G5R5N813R5WVHQJ,2025-05-21T02:02:47.47780373Z,30,2025-05-21T02:02:47.47780373Z,true,2025-05-21T02:06:51.19577001Z,01JVR91T1XEP3CKQP9TA76QDK4,2025-05-21T02:02:47.47780373Z,0,2025-05-21T02:02:47.47780373Z,true,2025-05-21T02:06:45.619646506Z,choice,2025-05-21T02:02:47.47780373Z,01JVR98DFEP51MY8KJMD2DYPZS,2025-05-21T02:02:47.47780373Z,true,2025-05-21T02:06:45.539524438Z,true,2025-05-21T02:06:45.640321132Z,01JVR98DS6ENC62REGVZKJ1EZ8,2025-05-21T02:02:47.47780373Z
01JVR98E1GAGJ7QN0Y75DX2V5S,01JVR91T163G5R5N813R5WVHQJ,2025-05-21T02:02:47.728567125Z,30,2025-05-21T02:02:47.728567125Z,true,2025-05-21T02:08:44.600812607Z,01JVR91T1XEP3CKQP9TA76QDK4,2025-05-21T02:02:47.728567125Z,0,2025-05-21T02:02:47.728567125Z,true,2025-05-21T02:08:37.693855312Z,choice,2025-05-21T02:02:47.728567125Z,01JVR98DG4G3RW1W6WRDXC375A,2025-05-21T02:02:47.728567125Z,true,2025-05-21T02:08:37.642728963Z,true,2025-05-21T02:08:37.711554352Z,01JVR98E1CZBEHFZ0221M1V49F,2025-05-21T02:02:47.728567125Z
01JVR98E7260EXX8E6JPGQPH2P,01JVR91T163G5R5N813R5WVHQJ,2025-05-21T02:02:47.907004799Z,30,2025-05-21T02:02:47.907004799Z,true,2025-05-21T02:10:47.600066398Z,01JVR91T1XEP3CKQP9TA76QDK4,2025-05-21T02:02:47.907004799Z,0,2025-05-21T02:02:47.907004799Z,true,2025-05-21T02:10:17.565961538Z,choice,2025-05-21T02:02:47.907004799Z,01JVR98DGDS059RRZPZ1SVNWHM,2025-05-21T02:02:47.907004799Z,true,2025-05-21T02:10:17.489536062Z,true,2025-05-21T02:10:17.592165443Z,01JVR98E6CVZPFVAAK9QBJQVY4,2025-05-21T02:02:47.907004799Z
01JVR98E9K4DWGES184YRCV60V,01JVR91T163G5R5N813R5WVHQJ,2025-05-21T02:02:47.987621727Z,30,2025-05-21T02:02:47.987621727Z,true,2025-05-21T02:11:53.332964955Z,01JVR91T1XEP3CKQP9TA76QDK4,2025-05-21T02:02:47.987621727Z,0,2025-05-21T02:02:47.987621727Z,true,2025-05-21T02:11:47.239059786Z,choice,2025-05-21T02:02:47.987621727Z,01JVR98DGMQNDS21WXK48GMD4G,2025-05-21T02:02:47.987621727Z,true,2025-05-21T02:11:47.179589507Z,true,2025-05-21T02:11:47.263795511Z,01JVR98E91QPTYM962F6KG76P8,2025-05-21T02:02:47.987621727Z
01JVR98ECNVMH2HQF946A35H35,01JVR91T163G5R5N813R5WVHQJ,2025-05-21T02:02:48.085732548Z,30,2025-05-21T02:02:48.085732548Z,true,2025-05-21T02:12:33.443320341Z,01JVR91T1XEP3CKQP9TA76QDK4,2025-05-21T02:02:48.085732548Z,0,2025-05-21T02:02:48.085732548Z,true,2025-05-21T02:12:23.465312692Z,choice,2025-05-21T02:02:48.085732548Z,01JVR98DGYVX0721H7RHYKAWCQ,2025-05-21T02:02:48.085732548Z,true,2025-05-21T02:12:23.403928351Z,true,2025-05-21T02:12:23.532983468Z,01JVR98ECJRRBNE1CMRJRG2AAG,2025-05-21T02:02:48.085732548Z
01JVR98DM2JJVV7TK46JA0V46N,01JVR91T163G5R5N813R5WVHQJ,2025-05-21T02:02:47.298650731Z,30,2025-05-21T02:02:47.298650731Z,true,2025-05-21T02:04:43.154889722Z,01JVR91T1XEP3CKQP9TA76QDK4,2025-05-21T02:02:47.298650731Z,0,2025-05-21T02:02:47.298650731Z,true,2025-05-21T02:04:20.667368725Z,choice,2025-05-21T02:02:47.298650731Z,01JVR98DF05VBQA6VV3TVCCHR4,2025-05-21T02:02:47.298650731Z,true,2025-05-21T02:04:20.6202374Z,true,2025-05-21T02:04:20.67734451Z,01JVR98DKZP3EQZ90FDANYWJWX,2025-05-21T02:02:47.298650731Z
01JVR98DR4JHCEJC5H84QN7ENQ,01JVR91T163G5R5N813R5WVHQJ,2025-05-21T02:02:47.428704857Z,30,2025-05-21T02:02:47.428704857Z,true,2025-05-21T02:06:32.552770825Z,01JVR91T1XEP3CKQP9TA76QDK4,2025-05-21T02:02:47.428704857Z,0,2025-05-21T02:02:47.428704857Z,true,2025-05-21T02:06:23.529624509Z,choice,2025-05-21T02:02:47.428704857Z,01JVR98DF876H8TK173H3Y0FY6,2025-05-21T02:02:47.428704857Z,true,2025-05-21T02:06:23.473171805Z,true,2025-05-21T02:06:23.541781019Z,01JVR98DR00BMEYD5TBJNQC5WR,2025-05-21T02:02:47.428704857Z
01JVR98E4SV38RBFPH432H9ADH,01JVR91T163G5R5N813R5WVHQJ,2025-05-21T02:02:47.833622935Z,30,2025-05-21T02:02:47.833622935Z,true,2025-05-21T02:09:36.850884016Z,01JVR91T1XEP3CKQP9TA76QDK4,2025-05-21T02:02:47.833622935Z,0,2025-05-21T02:02:47.833622935Z,true,2025-05-21T02:09:29.417127046Z,choice,2025-05-21T02:02:47.833622935Z,01JVR98DF7Q4FZKSHRST4W3K37,2025-05-21T02:02:47.833622935Z,true,2025-05-21T02:09:29.369278138Z,true,2025-05-21T02:09:29.43524493Z,01JVR98E4N4EEBQS8Z96FY6R2W,2025-05-21T02:02:47.833622935Z
01JVR98E58055TVPP40EJ8XW3Q,01JVR91T163G5R5N813R5WVHQJ,2025-05-21T02:02:47.848609688Z,30,2025-05-21T02:02:47.848609688Z,true,2025-05-21T02:09:55.09200603Z,01JVR91T1XEP3CKQP9TA76QDK4,2025-05-21T02:02:47.848609688Z,0,2025-05-21T02:02:47.848609688Z,true,2025-05-21T02:09:37.064318874Z,choice,2025-05-21T02:02:47.848609688Z,01JVR98DF608VVBVFRQKD29YXC,2025-05-21T02:02:47.848609688Z,true,2025-05-21T02:09:36.984253363Z,true,2025-05-21T02:09:37.093252116Z,01JVR98E51APJKCWGHBVN3MP8X,2025-05-21T02:02:47.848609688Z
01JVR98E0JQ4SG6C02VXWABBFA,01JVR91T163G5R5N813R5WVHQJ,2025-05-21T02:02:47.698873362Z,30,2025-05-21T02:02:47.698873362Z,true,2025-05-21T02:08:31.026153822Z,01JVR91T1XEP3CKQP9TA76QDK4,2025-05-21T02:02:47.698873362Z,0,2025-05-21T02:02:47.698873362Z,true,2025-05-21T02:08:26.618848205Z,choice,2025-05-21T02:02:47.698873362Z,01JVR98DGMQNDS21WXKQKYDHEZ,2025-05-21T02:02:47.698873362Z,true,2025-05-21T02:08:26.526349569Z,true,2025-05-21T02:08:26.642873862Z,01JVR98E0FHYHNWA61DPE1FGP2,2025-05-21T02:02:47.698873362Z
01JVR98E10BWS6WHZNWWDNAGF8,01JVR91T163G5R5N813R5WVHQJ,2025-05-21T02:02:47.712220579Z,30,2025-05-21T02:02:47.712220579Z,true,2025-05-21T02:08:37.525779864Z,01JVR91T1XEP3CKQP9TA76QDK4,2025-05-21T02:02:47.712220579Z,0,2025-05-21T02:02:47.712220579Z,true,2025-05-21T02:08:31.225340916Z,choice,2025-05-21T02:02:47.712220579Z,01JVR98DFV8CMKP9BR4HYXYPRB,2025-05-21T02:02:47.712220579Z,true,2025-05-21T02:08:31.145297362Z,true,2025-05-21T02:08:31.244912868Z,01JVR98E0VC3CMTADZH17DM7MT,2025-05-21T02:02:47.712220579Z
01JVR98EA287VHRP3E2HG7D062,01JVR91T163G5R5N813R5WVHQJ,2025-05-21T02:02:48.002871313Z,30,2025-05-21T02:02:48.002871313Z,true,2025-05-21T02:12:02.519040984Z,01JVR91T1XEP3CKQP9TA76QDK4,2025-05-21T02:02:48.002871313Z,0,2025-05-21T02:02:48.002871313Z,true,2025-05-21T02:11:53.546875343Z,choice,2025-05-21T02:02:48.002871313Z,01JVR98DGWAFSD48AR6VW06GMQ,2025-05-21T02:02:48.002871313Z,true,2025-05-21T02:11:53.456530836Z,true,2025-05-21T02:11:53.584231038Z,01JVR98EA0NDAYJSQD905YXY5F,2025-05-21T02:02:48.002871313Z
01JVR98E7D8D455MJSY08SB99G,01JVR91T163G5R5N813R5WVHQJ,2025-05-21T02:02:47.917810075Z,30,2025-05-21T02:02:47.917810075Z,true,2025-05-21T02:11:02.969230691Z,01JVR91T1XEP3CKQP9TA76QDK4,2025-05-21T02:02:47.917810075Z,0,2025-05-21T02:02:47.917810075Z,true,2025-05-21T02:10:47.834723875Z,choice,2025-05-21T02:02:47.917810075Z,01JVR98DGFXVNNFDFX7EAWCH6J,2025-05-21T02:02:47.917810075Z,true,2025-05-21T02:10:47.772648445Z,true,2025-05-21T02:10:47.857291936Z,01JVR98E7ARVX4T5KWXGVJPD9E,2025-05-21T02:02:47.917810075Z
01JVR98E7VB32V4E0AEJN34Y71,01JVR91T163G5R5N813R5WVHQJ,2025-05-21T02:02:47.931073499Z,30,2025-05-21T02:02:47.931073499Z,true,2025-05-21T02:11:19.188201269Z,01JVR91T1XEP3CKQP9TA76QDK4,2025-05-21T02:02:47.931073499Z,0,2025-05-21T02:02:47.931073499Z,true,2025-05-21T02:11:03.18238638Z,choice,2025-05-21T02:02:47.931073499Z,01JVR98DGGHBCGA9DH7VAFEQET,2025-05-21T02:02:47.931073499Z,true,2025-05-21T02:11:03.098716267Z,true,2025-05-21T02:11:03.194206631Z,01JVR98E7RCHVC9P3YRJN9G6ST,2025-05-21T02:02:47.931073499Z
